,name,template,physical_parent,date,time,path,level,Instance_Count,Unit_Name,Subunit_Src_Sheet,Subunit_Name,comment,,,
147,,,cpm_top,,,,5,1,cpm_top,,,,,,
148,parcpmaram,parcpmaram,cpm_top,2019-01-15,22:42:14.185216000,/p/hdk/archive/sdg74/noa/parcpmaram/apr_noa/SNRB0_SC__VER_5/apr/outputs/parcpmaram.apr_final.vg.gz,5,1,cpm_top,F_parcpmaram,parcpmaram,,,,
149,parcpmcast1,parcpmcast1,cpm_top,2019-01-15,13:09:48.165434000,/p/hdk/archive/sdg74/noa/parcpmcast1/apr_noa/SNRB0_SC__VER_7/apr/outputs/parcpmcast1.apr_final.vg.gz,5,1,cpm_top,F_parcpmcast1,parcpmcast1,,,,
150,parcpmhi,parcpmhi,cpm_top,NOT FOUND,NOT FOUND,NOT FOUND,5,1,cpm_top,F_parcpmhi,parcpmhi,,,,
151,parcpmssma_xa,parcpmssma_xa,cpm_top,NOT FOUND,NOT FOUND,NOT FOUND,5,1,cpm_top,F_parcpmssma_xa,parcpmssma_xa,,,,
152,parcpmssmb,parcpmssmb,cpm_top,2019-01-16,20:45:23.812481000,/p/hdk/archive/sdg74/noa/parcpmssmb/apr_noa/SNRB0_SC__VER_9/apr/outputs/parcpmssmb.apr_final.vg.gz,5,1,cpm_top,F_parcpmssmb,parcpmssmb,,,,
153,parcpmssmc_xa_0,parcpmssmc_xa,cpm_top,NOT FOUND,NOT FOUND,NOT FOUND,5,1,cpm_top,F_parcpmssmc_xa,parcpmssmc_xa,,,,
154,parcpmssmc_xa_1,parcpmssmc_xa,cpm_top,NOT FOUND,NOT FOUND,NOT FOUND,5,1,cpm_top,F_parcpmssmc_xa,parcpmssmc_xa,,,,
155,parcpmssmd_xa,parcpmssmd_xa,cpm_top,NOT FOUND,NOT FOUND,NOT FOUND,5,1,cpm_top,F_parcpmssmd_xa,parcpmssmd_xa,,,,
156,parcpmssme_xa,parcpmssme_xa,cpm_top,NOT FOUND,NOT FOUND,NOT FOUND,5,1,cpm_top,F_parcpmssme_xa,parcpmssme_xa,,,,
157,parcpmssmf_0,parcpmssmf,cpm_top,NOT FOUND,NOT FOUND,NOT FOUND,5,1,cpm_top,F_parcpmssmf,parcpmssmf,,,,
158,parcpmssmf_1,parcpmssmf,cpm_top,NOT FOUND,NOT FOUND,NOT FOUND,5,1,cpm_top,F_parcpmssmf,parcpmssmf,,,,
159,parcpmssmf_2,parcpmssmf,cpm_top,NOT FOUND,NOT FOUND,NOT FOUND,5,1,cpm_top,F_parcpmssmf,parcpmssmf,,,,
160,parcpmssmf_3,parcpmssmf,cpm_top,NOT FOUND,NOT FOUND,NOT FOUND,5,1,cpm_top,F_parcpmssmf,parcpmssmf,,,,
161,parcpmssmg_xa,parcpmssmg_xa,cpm_top,NOT FOUND,NOT FOUND,NOT FOUND,5,1,cpm_top,F_parcpmssmg_xa,parcpmssmg_xa,,,,
183,,,dino,,,,5,1,dino,,,,,,
184,pardinomisc,pardinomisc,dino,NOT FOUND,NOT FOUND,NOT FOUND,5,1,dino,F_pardinomisc,pardinomisc,,,,
185,pardsa,pardsa,dino,NOT FOUND,NOT FOUND,NOT FOUND,5,1,dino,F_pardsa,pardsa,,,,
186,pariax1,pariax1,dino,NOT FOUND,NOT FOUND,NOT FOUND,5,1,dino,F_pariax1,pariax1,,,,
187,pariax2,pariax2,dino,NOT FOUND,NOT FOUND,NOT FOUND,5,1,dino,F_pariax2,pariax2,,,,
188,pariax3,pariax3,dino,NOT FOUND,NOT FOUND,NOT FOUND,5,1,dino,F_pariax3,pariax3,,,,
189,parnrthpk,parnrthpk,dino,2018-03-23,16:53:46.321667000,/p/hdk/archive/sdg74/noa/parnrthpk/apr_noa/ICXSPXCCA0_IIN_VER_33/apr/outputs/parnrthpk.apr_final.vg.gz,5,1,dino,F_parnrthpk,parnrthpk,,,,
190,parpsf,parpsf,dino,2018-03-26,11:13:18.922017000,/p/hdk/archive/sdg74/noa/parpsf/apr_noa/ICXSPXCCB0LATEST/apr/outputs/parpsf.apr_final.vg.gz,5,1,dino,F_parpsf,parpsf,,,,
162,,,hqm,,,,5,1,hqm,,,,,,
163,par_hqm_credit_hist_pipe,par_hqm_credit_hist_pipe,hqm,NOT FOUND,NOT FOUND,NOT FOUND,5,1,hqm,F_par_hqm_credit_hist_pipe,par_hqm_credit_hist_pipe,,,,
164,par_hqm_dir_pipe,par_hqm_dir_pipe,hqm,NOT FOUND,NOT FOUND,NOT FOUND,5,1,hqm,F_par_hqm_dir_pipe,par_hqm_dir_pipe,,,,
165,par_hqm_dqed_pipe,par_hqm_dqed_pipe,hqm,NOT FOUND,NOT FOUND,NOT FOUND,5,1,hqm,F_par_hqm_dqed_pipe,par_hqm_dqed_pipe,,,,
166,par_hqm_iosf,par_hqm_iosf,hqm,NOT FOUND,NOT FOUND,NOT FOUND,5,1,hqm,F_par_hqm_iosf,par_hqm_iosf,,,,
167,par_hqm_list_sel_pipe,par_hqm_list_sel_pipe,hqm,NOT FOUND,NOT FOUND,NOT FOUND,5,1,hqm,F_par_hqm_list_sel_pipe,par_hqm_list_sel_pipe,,,,
168,par_hqm_nalb_pipe,par_hqm_nalb_pipe,hqm,NOT FOUND,NOT FOUND,NOT FOUND,5,1,hqm,F_par_hqm_nalb_pipe,par_hqm_nalb_pipe,,,,
169,par_hqm_qed_pipe,par_hqm_qed_pipe,hqm,NOT FOUND,NOT FOUND,NOT FOUND,5,1,hqm,F_par_hqm_qed_pipe,par_hqm_qed_pipe,,,,
170,par_hqm_system,par_hqm_system,hqm,NOT FOUND,NOT FOUND,NOT FOUND,5,1,hqm,F_par_hqm_system,par_hqm_system,,,,
194,,,scf_ubox,,,,5,1,scf_ubox,,,,,,
195,cms3_tall_ubox,cms3_tall,scf_ubox,NOT FOUND,NOT FOUND,NOT FOUND,5,1,scf_ubox,F_cms3_tall,cms3_tall,,,,
196,scf_ubox_miscpar,scf_ubox_miscpar,scf_ubox,NOT FOUND,NOT FOUND,NOT FOUND,5,1,scf_ubox,F_scf_ubox_miscpar,scf_ubox_miscpar,,,,
197,uboxpar,uboxpar,scf_ubox,NOT FOUND,NOT FOUND,NOT FOUND,5,1,scf_ubox,F_uboxpar,uboxpar,,,,
78,,,cha_pldp,,,,4,1,cha_pldp,,,,,,
79,cha_cbingr_queues_bam,cha_cbingr_queues_bam,cha_pldp,NOT FOUND,NOT FOUND,NOT FOUND,4,1,cha_pldp,F_cha_cbingr_queues_bam,cha_cbingr_queues_bam,,,,
142,,,hca,,,,4,1,hca,,,,,,
143,cpm_top,cpm_top,hca,NOT FOUND,NOT FOUND,NOT FOUND,4,1,hca,P_hier_seq,cpm_top,,,,
144,hqm,hqm,hca,NOT FOUND,NOT FOUND,NOT FOUND,4,1,hca,P_hier_seq,hqm,,,,
145,parhcachassis,parhcachassis,hca,NOT FOUND,NOT FOUND,NOT FOUND,4,1,hca,F_parhcachassis,parhcachassis,,,,
146,parhcapsf,parhcapsf,hca,NOT FOUND,NOT FOUND,NOT FOUND,4,1,hca,F_parhcapsf,parhcapsf,,,,
109,,,ibl_ss,,,,4,1,ibl_ss,,,,,,
110,pariblcse,pariblcse,ibl_ss,NOT FOUND,NOT FOUND,NOT FOUND,4,1,ibl_ss,F_pariblcse,pariblcse,,,,
111,pariblmem,pariblmem,ibl_ss,NOT FOUND,NOT FOUND,NOT FOUND,4,1,ibl_ss,F_pariblmem,pariblmem,,,,
112,pariblsb,pariblsb,ibl_ss,NOT FOUND,NOT FOUND,NOT FOUND,4,1,ibl_ss,F_pariblsb,pariblsb,,,,
113,paribluc,paribluc,ibl_ss,NOT FOUND,NOT FOUND,NOT FOUND,4,1,ibl_ss,F_paribluc,paribluc,,,,
114,parshimtop,parshimtop,ibl_ss,NOT FOUND,NOT FOUND,NOT FOUND,4,1,ibl_ss,F_parshimtop,parshimtop,,,,
80,,,llcp,,,,4,1,llcp,,,,,,
81,cha_llsprdatamiddp11s66,cha_llsprdatamiddp11s66,llcp,NOT FOUND,NOT FOUND,NOT FOUND,4,1,llcp,F_cha_llsprdatamiddp11s66,cha_llsprdatamiddp11s66,,,,
82,cha_llsprdatamiddp11s72,cha_llsprdatamiddp11s72,llcp,NOT FOUND,NOT FOUND,NOT FOUND,4,1,llcp,F_cha_llsprdatamiddp11s72,cha_llsprdatamiddp11s72,,,,
83,cha_llsprlruary11s15w,cha_llsprlruary11s15w,llcp,NOT FOUND,NOT FOUND,NOT FOUND,4,1,llcp,F_cha_llsprlruary11s15w,cha_llsprlruary11s15w,,,,
84,cha_llsprstcvbnkx11s20c,cha_llsprstcvbnkx11s20c,llcp,NOT FOUND,NOT FOUND,NOT FOUND,4,1,llcp,F_cha_llsprstcvbnkx11s20c,cha_llsprstcvbnkx11s20c,,,,
85,cha_llsprtagbnk11s35t,cha_llsprtagbnk11s35t,llcp,NOT FOUND,NOT FOUND,NOT FOUND,4,1,llcp,F_cha_llsprtagbnk11s35t,cha_llsprtagbnk11s35t,,,,
86,cha_llsprtwolmary11s15w,cha_llsprtwolmary11s15w,llcp,NOT FOUND,NOT FOUND,NOT FOUND,4,1,llcp,F_cha_llsprtwolmary11s15w,cha_llsprtwolmary11s15w,,,,
87,cha_rsfsprtagbnk11s35t,cha_rsfsprtagbnk11s35t,llcp,NOT FOUND,NOT FOUND,NOT FOUND,4,1,llcp,F_cha_rsfsprtagbnk11s35t,cha_rsfsprtagbnk11s35t,,,,
88,cha_sfsprlruary11s25w,cha_sfsprlruary11s25w,llcp,NOT FOUND,NOT FOUND,NOT FOUND,4,1,llcp,F_cha_sfsprlruary11s25w,cha_sfsprlruary11s25w,,,,
89,cha_sfsprtwolmary11s25w,cha_sfsprtwolmary11s25w,llcp,NOT FOUND,NOT FOUND,NOT FOUND,4,1,llcp,F_cha_sfsprtwolmary11s25w,cha_sfsprtwolmary11s25w,,,,
40,,,mcchanddr,,,,4,1,mcchanddr,,,,,,
41,parmc2lmddr,parmc2lmddr,mcchanddr,NOT FOUND,NOT FOUND,NOT FOUND,4,1,mcchanddr,F_parmc2lmddr,parmc2lmddr,,,,
42,parmcdpddr,parmcdpddr,mcchanddr,NOT FOUND,NOT FOUND,NOT FOUND,4,1,mcchanddr,F_parmcdpddr,parmcdpddr,,,,
43,parmcscbsddr,parmcscbsddr,mcchanddr,NOT FOUND,NOT FOUND,NOT FOUND,4,1,mcchanddr,F_parmcscbsddr,parmcscbsddr,,,,
44,parmcscpqddr,parmcscpqddr,mcchanddr,NOT FOUND,NOT FOUND,NOT FOUND,4,1,mcchanddr,F_parmcscpqddr,parmcscpqddr,,,,
45,,,mcchanddr,,,,4,1,mcchanddr,,,,,,
46,parmc2lmddr,parmc2lmddr,mcchanddr,NOT FOUND,NOT FOUND,NOT FOUND,4,1,mcchanddr,F_parmc2lmddr,parmc2lmddr,,,,
47,parmcdpddr,parmcdpddr,mcchanddr,NOT FOUND,NOT FOUND,NOT FOUND,4,1,mcchanddr,F_parmcdpddr,parmcdpddr,,,,
48,parmcscbsddr,parmcscbsddr,mcchanddr,NOT FOUND,NOT FOUND,NOT FOUND,4,1,mcchanddr,F_parmcscbsddr,parmcscbsddr,,,,
49,parmcscpqddr,parmcscpqddr,mcchanddr,NOT FOUND,NOT FOUND,NOT FOUND,4,1,mcchanddr,F_parmcscpqddr,parmcscpqddr,,,,
230,,,mdf_s_h_0,,,,4,1,mdf_s_h_0,,,,,,
231,mdfs_hchnlp,mdfs_hchnlp,mdf_s_h_0,NOT FOUND,NOT FOUND,NOT FOUND,4,1,mdf_s_h_0,F_mdfs_hchnlp,mdfs_hchnlp,,,,
232,mdfs_hcp,mdfs_hcp,mdf_s_h_0,NOT FOUND,NOT FOUND,NOT FOUND,4,1,mdf_s_h_0,F_mdfs_hcp,mdfs_hcp,,,,
233,mdfs_hdatap,mdfs_hdatap,mdf_s_h_0,NOT FOUND,NOT FOUND,NOT FOUND,4,1,mdf_s_h_0,F_mdfs_hdatap,mdfs_hdatap,,,,
234,mdfs_hpldp,mdfs_hpldp,mdf_s_h_0,NOT FOUND,NOT FOUND,NOT FOUND,4,1,mdf_s_h_0,F_mdfs_hpldp,mdfs_hpldp,,,,
276,,,mdf_s_v_0,,,,4,1,mdf_s_v_0,,,,,,
277,mdfs_vchnlp,mdfs_vchnlp,mdf_s_v_0,NOT FOUND,NOT FOUND,NOT FOUND,4,1,mdf_s_v_0,F_mdfs_vchnlp,mdfs_vchnlp,,,,
278,mdfs_vcp,mdfs_vcp,mdf_s_v_0,NOT FOUND,NOT FOUND,NOT FOUND,4,1,mdf_s_v_0,F_mdfs_vcp,mdfs_vcp,,,,
279,mdfs_vdatap,mdfs_vdatap,mdf_s_v_0,NOT FOUND,NOT FOUND,NOT FOUND,4,1,mdf_s_v_0,F_mdfs_vdatap,mdfs_vdatap,,,,
280,mdfs_vpldp,mdfs_vpldp,mdf_s_v_0,NOT FOUND,NOT FOUND,NOT FOUND,4,1,mdf_s_v_0,F_mdfs_vpldp,mdfs_vpldp,,,,
287,,,mdf_s_v_0,,,,4,1,mdf_s_v_0,,,,,,
288,mdfs_vchnlp,mdfs_vchnlp,mdf_s_v_0,NOT FOUND,NOT FOUND,NOT FOUND,4,1,mdf_s_v_0,F_mdfs_vchnlp,mdfs_vchnlp,,,,
289,mdfs_vcp,mdfs_vcp,mdf_s_v_0,NOT FOUND,NOT FOUND,NOT FOUND,4,1,mdf_s_v_0,F_mdfs_vcp,mdfs_vcp,,,,
290,mdfs_vdatap,mdfs_vdatap,mdf_s_v_0,NOT FOUND,NOT FOUND,NOT FOUND,4,1,mdf_s_v_0,F_mdfs_vdatap,mdfs_vdatap,,,,
291,mdfs_vpldp,mdfs_vpldp,mdf_s_v_0,NOT FOUND,NOT FOUND,NOT FOUND,4,1,mdf_s_v_0,F_mdfs_vpldp,mdfs_vpldp,,,,
50,,,parmcdddcacheddr,,,,4,1,parmcdddcacheddr,,,,,,
51,dd_cha_lldatamiddp76,dd_cha_lldatamiddp76,parmcdddcacheddr,NOT FOUND,NOT FOUND,NOT FOUND,4,1,parmcdddcacheddr,F_dd_cha_lldatamiddp76,dd_cha_lldatamiddp76,,,,
52,dd_dc_dlr,dd_dc_dlr,parmcdddcacheddr,NOT FOUND,NOT FOUND,NOT FOUND,4,1,parmcdddcacheddr,F_dd_dc_dlr,dd_dc_dlr,,,,
53,dd_dc_drc,dd_dc_drc,parmcdddcacheddr,NOT FOUND,NOT FOUND,NOT FOUND,4,1,parmcdddcacheddr,F_dd_dc_drc,dd_dc_drc,,,,
54,dd_dctagbnk11s30t,dd_dctagbnk11s30t,parmcdddcacheddr,NOT FOUND,NOT FOUND,NOT FOUND,4,1,parmcdddcacheddr,F_dd_dctagbnk11s30t,dd_dctagbnk11s30t,,,,
55,,,parmcddtcachemddr,,,,4,1,parmcddtcachemddr,,,,,,
56,dd_tc_tlrd,dd_tc_tlrd,parmcddtcachemddr,NOT FOUND,NOT FOUND,NOT FOUND,4,1,parmcddtcachemddr,F_dd_tc_tlrd,dd_tc_tlrd,,,,
57,dd_tctagbnk11s29t,dd_tctagbnk11s29t,parmcddtcachemddr,NOT FOUND,NOT FOUND,NOT FOUND,4,1,parmcddtcachemddr,F_dd_tctagbnk11s29t,dd_tctagbnk11s29t,,,,
58,,,parmcddtcachenddr,,,,4,1,parmcddtcachenddr,,,,,,
59,dd_tcache_datamiddp_wrapper,dd_tcache_datamiddp_wrapper,parmcddtcachenddr,NOT FOUND,NOT FOUND,NOT FOUND,4,1,parmcddtcachenddr,F_dd_tcache_datamiddp_wrapper,dd_tcache_datamiddp_wrapper,,,,
235,,,pi5,,,,4,1,pi5,,,,,,
236,hsphy_wrapper0,hsphy_wrapper0,pi5,NOT FOUND,NOT FOUND,NOT FOUND,4,1,pi5,F_hsphy_wrapper0,hsphy_wrapper0,,,,
237,hsphy_wrapper1,hsphy_wrapper1,pi5,NOT FOUND,NOT FOUND,NOT FOUND,4,1,pi5,F_hsphy_wrapper1,hsphy_wrapper1,,,,
238,par_arbmux,par_arbmux,pi5,NOT FOUND,NOT FOUND,NOT FOUND,4,1,pi5,F_par_arbmux,par_arbmux,,,,
239,par_fblptx,par_fblptx,pi5,NOT FOUND,NOT FOUND,NOT FOUND,4,1,pi5,F_par_fblptx,par_fblptx,,,,
240,par_fblpvn,par_fblpvn,pi5,NOT FOUND,NOT FOUND,NOT FOUND,4,1,pi5,F_par_fblpvn,par_fblpvn,,,,
241,par_ialcm_dp_top,par_ialcm_dp_top,pi5,NOT FOUND,NOT FOUND,NOT FOUND,4,1,pi5,F_par_ialcm_dp_top,par_ialcm_dp_top,,,,
242,par_pcie5x8ll,par_pcie5x8ll,pi5,NOT FOUND,NOT FOUND,NOT FOUND,4,1,pi5,F_par_pcie5x8ll,par_pcie5x8ll,,,,
243,par_pcie5x8tlrx,par_pcie5x8tlrx,pi5,NOT FOUND,NOT FOUND,NOT FOUND,4,1,pi5,F_par_pcie5x8tlrx,par_pcie5x8tlrx,,,,
244,par_pcie5x8tltx,par_pcie5x8tltx,pi5,NOT FOUND,NOT FOUND,NOT FOUND,4,1,pi5,F_par_pcie5x8tltx,par_pcie5x8tltx,,,,
245,parfblp,parfblp,pi5,NOT FOUND,NOT FOUND,NOT FOUND,4,1,pi5,F_parfblp,parfblp,,,,
246,parpi5gen4ll,parpi5gen4ll,pi5,NOT FOUND,NOT FOUND,NOT FOUND,4,1,pi5,F_parpi5gen4ll,parpi5gen4ll,,,,
247,parpi5gen4pl,parpi5gen4pl,pi5,NOT FOUND,NOT FOUND,NOT FOUND,4,1,pi5,F_parpi5gen4pl,parpi5gen4pl,,,,
248,parpi5gen4tl,parpi5gen4tl,pi5,NOT FOUND,NOT FOUND,NOT FOUND,4,1,pi5,F_parpi5gen4tl,parpi5gen4tl,,,,
249,parpi5gen5ll,parpi5gen5ll,pi5,NOT FOUND,NOT FOUND,NOT FOUND,4,1,pi5,F_parpi5gen5ll,parpi5gen5ll,,,,
250,parpi5gen5tlrx,parpi5gen5tlrx,pi5,NOT FOUND,NOT FOUND,NOT FOUND,4,1,pi5,F_parpi5gen5tlrx,parpi5gen5tlrx,,,,
251,parpi5gen5tltx,parpi5gen5tltx,pi5,NOT FOUND,NOT FOUND,NOT FOUND,4,1,pi5,F_parpi5gen5tltx,parpi5gen5tltx,,,,
252,parpi5misc,parpi5misc,pi5,NOT FOUND,NOT FOUND,NOT FOUND,4,1,pi5,F_parpi5misc,parpi5misc,,,,
253,parpi5psf,parpi5psf,pi5,NOT FOUND,NOT FOUND,NOT FOUND,4,1,pi5,F_parpi5psf,parpi5psf,,,,
254,parvnlpif,parvnlpif,pi5,NOT FOUND,NOT FOUND,NOT FOUND,4,1,pi5,F_parvnlpif,parvnlpif,,,,
255,parvnpipe,parvnpipe,pi5,NOT FOUND,NOT FOUND,NOT FOUND,4,1,pi5,F_parvnpipe,parvnpipe,,,,
256,phb_vccfc,phb_vccfc,pi5,NOT FOUND,NOT FOUND,NOT FOUND,4,1,pi5,F_phb_vccfc,phb_vccfc,,,,
257,phb_vinf,phb_vinf,pi5,NOT FOUND,NOT FOUND,NOT FOUND,4,1,pi5,F_phb_vinf,phb_vinf,,,,
115,,,punit,,,,4,1,punit,,,,,,
116,pmsrvr_arrayp,pmsrvr_arrayp,punit,2017-11-29,06:32:26.483555000,/p/hdk/archive/sdg74/noa/pmsrvr_arrayp/apr_noa/SNRA0_SC__VER_13/apr/outputs/pmsrvr_arrayp.apr_final.vg.gz,4,1,punit,F_pmsrvr_arrayp,pmsrvr_arrayp,,,,
117,pmsrvr_disptop,pmsrvr_disptop,punit,2018-01-01,23:14:21.451160000,/p/hdk/archive/sdg74/noa/pmsrvr_disptop/apr_noa/SNRA1TI/apr/outputs/pmsrvr_disptop.apr_final.vg.gz,4,1,punit,F_pmsrvr_disptop,pmsrvr_disptop,,,,
118,pmsrvr_fsmsp,pmsrvr_fsmsp,punit,2018-01-02,02:48:14.865701000,/p/hdk/archive/sdg74/noa/pmsrvr_fsmsp/apr_noa/SNRA0_SC__VER_15/apr/outputs/pmsrvr_fsmsp.apr_final.vg.gz,4,1,punit,F_pmsrvr_fsmsp,pmsrvr_fsmsp,,,,
119,pmsrvr_ioregsp,pmsrvr_ioregsp,punit,2018-01-02,04:11:56.538434000,/p/hdk/archive/sdg74/noa/pmsrvr_ioregsp/apr_noa/SNRA1TI/apr/outputs/pmsrvr_ioregsp.apr_final.vg.gz,4,1,punit,F_pmsrvr_ioregsp,pmsrvr_ioregsp,,,,
120,pmsrvr_srctop,pmsrvr_srctop,punit,NOT FOUND,NOT FOUND,NOT FOUND,4,1,punit,F_pmsrvr_srctop_syn,pmsrvr_srctop,,syn,,
121,pmsrvr_uctldp,pmsrvr_uctldp,punit,2018-01-02,06:35:56.594185000,/p/hdk/archive/sdg74/noa/pmsrvr_uctldp/apr_noa/SNRA1TI/apr/outputs/pmsrvr_uctldp.apr_final.vg.gz,4,1,punit,F_pmsrvr_uctldp,pmsrvr_uctldp,,,,
171,,,scf_dummy,,,,4,1,scf_dummy,,,,,,
172,scf_dummy_miscpar,scf_dummy_miscpar,scf_dummy,NOT FOUND,NOT FOUND,NOT FOUND,4,1,scf_dummy,F_scf_dummy_miscpar_syn,scf_dummy_miscpar,,syn,,
260,,,scf_ioch,,,,,,scf_ioch,,,,,,
261,cms3_ncap,cms3_ncap,scf_iocoh,NOT FOUND,NOT FOUND,NOT FOUND,4,1,scf_iocoh,F_cms3_ncap,cms3_ncap,,apr,,
262,m2iosf_iitcpar,m2iosf_iitcpar,scf_iocoh,2018-12-11,01:12:46.411255000,/p/hdk/archive/sdg74/noa/m2iosf_iitcpar/apr_noa/ICXSPXCCB0_PDX_VER_22/apr/outputs/m2iosf_iitcpar.apr_final.vg.gz,4,1,scf_iocoh,F_m2iosf_iitcpar,m2iosf_iitcpar,,apr,,
263,m2iosf_iommupar,m2iosf_iommupar,scf_iocoh,2019-01-11,15:50:54.324870000,/p/hdk/archive/sdg74/noa/m2iosf_iommupar/apr_noa/SNRB0_PDX_VER_7/apr/outputs/m2iosf_iommupar.apr_final.vg.gz,4,1,scf_iocoh,F_m2iosf_iommupar,m2iosf_iommupar,,apr,,
264,m2iosf_iotcpar,m2iosf_iotcpar,scf_iocoh,2019-01-04,13:43:07.232632000,/p/hdk/archive/sdg74/noa/m2iosf_iotcpar/apr_noa/ICXSPXCCB0_PDX_VER_14/apr/outputs/m2iosf_iotcpar.apr_final.vg.gz,4,1,scf_iocoh,F_m2iosf_iotcpar,m2iosf_iotcpar,,apr,,
265,m2iosf_irppar,m2iosf_irppar,scf_iocoh,2018-11-05,02:11:23.379403000,/p/hdk/archive/sdg74/noa/m2iosf_irppar/apr_noa/SNRB0_PDX_VER_3/apr/outputs/m2iosf_irppar.apr_final.vg.gz,4,1,scf_iocoh,F_m2iosf_irppar,m2iosf_irppar,,apr,,
266,m2iosf_m2pciepar,m2iosf_m2pciepar,scf_iocoh,2018-11-07,03:44:29.388915000,/p/hdk/archive/sdg74/noa/m2iosf_m2pciepar/apr_noa/SNRA0_PDX_VER_108/apr/outputs/m2iosf_m2pciepar.apr_final.vg.gz,4,1,scf_iocoh,F_m2iosf_m2pciepar,m2iosf_m2pciepar,,apr,,
267,m2iosf_miscpar,m2iosf_miscpar_iocoh,scf_iocoh,2017-04-25,14:18:04.945446000,/p/hdk/archive/sdg74/noa/m2iosf_miscpar_iocoh/apr_noa/KNHA0_PDX_VER_20/apr/outputs/m2iosf_miscpar_iocoh.apr_final.vg.gz,4,1,scf_iocoh,F_m2iosf_miscpar_iocoh,m2iosf_miscpar_iocoh,,apr,,
181,,,sprdino,,,,4,1,sprdino,,,,,,
182,dino,dino,sprdino,NOT FOUND,NOT FOUND,NOT FOUND,4,1,sprdino,P_hier_seq,dino,,,,
191,,,sprubox,,,,4,1,sprubox,,,,,,
192,plaubox,plaubox,sprubox,NOT FOUND,NOT FOUND,NOT FOUND,4,1,sprubox,F_plaubox,plaubox,,no sch,,
193,scf_ubox,scf_ubox,sprubox,NOT FOUND,NOT FOUND,NOT FOUND,4,1,sprubox,P_hier_seq,scf_ubox,,,,
198,,,upi_1x,,,,4,1,upi_1x,,,,,,
199,cms_upi_1x,cms3_ncap,upi_1x,NOT FOUND,NOT FOUND,NOT FOUND,4,1,upi_1x,F_cms3_ncap_syn,cms3_ncap,,syn,,
200,hsphy_wrapper_p,hsphy_wrapper_p,upi_1x,NOT FOUND,NOT FOUND,NOT FOUND,4,1,upi_1x,F_hsphy_wrapper_p_syn,hsphy_wrapper_p,,syn,,
201,ktigen3vnhp,ktigen3vnhp,upi_1x,2018-12-31,13:29:13.542295000,/p/hdk/archive/sdg74/noa/ktigen3vnhp/apr_noa/ICXSPXCCB0_IIN_VER_5/apr/outputs/ktigen3vnhp.apr_final.vg.gz,4,1,upi_1x,F_ktigen3vnhp,ktigen3vnhp,,apr,,
202,ktiphlnp,ktiphlnp,upi_1x,2019-01-16,23:38:53.828691000,/p/hdk/archive/sdg74/noa/ktiphlnp/apr_noa/ICXSPXCCB0_IIN_VER_16/apr/outputs/ktiphlnp.apr_final.vg.gz,4,1,upi_1x,F_ktiphlnp,ktiphlnp,,apr,,
203,m2upi_bgf_wrapper,m2upi_bgf_wrapper,upi_1x,NOT FOUND,NOT FOUND,NOT FOUND,4,1,upi_1x,F_m2upi_bgf_wrapper_syn,m2upi_bgf_wrapper,,syn,,
204,m2upichp,m2upichp,upi_1x,2018-12-31,05:54:31.974928000,/p/hdk/archive/sdg74/noa/m2upichp/apr_noa/ICXSPXCCB0_IIN_VER_8/apr/outputs/m2upichp.apr_final.vg.gz,4,1,upi_1x,F_m2upichp,m2upichp,,apr,,
205,m2upiddp,m2upiddp,upi_1x,2018-12-31,07:44:40.400703000,/p/hdk/archive/sdg74/noa/m2upiddp/apr_noa/ICXSPXCCB0_IIN_VER_7/apr/outputs/m2upiddp.apr_final.vg.gz,4,1,upi_1x,F_m2upiddp,m2upiddp,,apr,,
206,miscp,miscp,upi_1x,2019-01-14,11:43:01.291459000,/p/hdk/archive/sdg74/noa/miscp/apr_noa/ICXSPXCCB0_IIN_VER_20/apr/outputs/miscp.apr_final.vg.gz,4,1,upi_1x,F_miscp,miscp,,apr,,
71,,,llchspr,,,,3,1,llchspr,,,,,,
72,cha_chassisp,cha_chassisp,llchspr,2018-06-15,05:48:15.805156000,/p/hdk/archive/sdg74/noa/cha_chassisp/apr_noa/ICXSPXCCB0LATEST/apr/outputs/cha_chassisp.apr_final.vg.gz,3,1,llchspr,F_cha_chassisp,cha_chassisp,,,,
73,cha_datap,cha_datap,llchspr,2018-06-15,13:22:26.208225000,/p/hdk/archive/sdg74/noa/cha_datap/apr_noa/ICXSPXCCA0_SC__VER_139/apr/outputs/cha_datap.apr_final.vg.gz,3,1,llchspr,F_cha_datap,cha_datap,,,,
74,cha_pipep,cha_pipep,llchspr,NOT FOUND,NOT FOUND,NOT FOUND,3,1,llchspr,F_cha_pipep_syn,cha_pipep,,syn,,
75,cha_pldp,cha_pldp,llchspr,2018-06-16,06:46:44.314992000,/p/hdk/archive/sdg74/noa/cha_pldp/apr_noa/ICXSPXCCA0_SC__VER_146/apr/outputs/cha_pldp.apr_final.vg.gz,3,1,llchspr,F_cha_pldp,cha_pldp,,,,
76,llcp,llcp,llchspr,NOT FOUND,NOT FOUND,NOT FOUND,3,1,llchspr,F_llcp_syn,llcp,,syn,,
77,sfp,sfp,llchspr,NOT FOUND,NOT FOUND,NOT FOUND,3,1,llchspr,F_sfp_syn,sfp,,syn,,
25,,,mcddr_mee,,,,3,1,mcddr_mee,,,,,,
26,mcchanddr1,mcchanddr,mcddr_mee,NOT FOUND,NOT FOUND,NOT FOUND,3,1,mcddr_mee,P_hier_seq,mcchanddr,,,,
27,mcchanddr0,mcchanddr,mcddr_mee,NOT FOUND,NOT FOUND,NOT FOUND,3,1,mcddr_mee,P_hier_seq,mcchanddr,,,,
28,parmcddbotddr,parmcddbotddr,mcddr_mee,NOT FOUND,NOT FOUND,NOT FOUND,3,1,mcddr_mee,F_parmcddbotddr_syn,parmcddbotddr,,syn,,
29,parmcdddcacheddr,parmcdddcacheddr,mcddr_mee,NOT FOUND,NOT FOUND,NOT FOUND,3,1,mcddr_mee,P_hier_seq,parmcdddcacheddr,,,,
30,parmcddtcachemddr,parmcddtcachemddr,mcddr_mee,NOT FOUND,NOT FOUND,NOT FOUND,3,1,mcddr_mee,P_hier_seq,parmcddtcachemddr,,,,
31,parmcddtcachenddr,parmcddtcachenddr,mcddr_mee,NOT FOUND,NOT FOUND,NOT FOUND,3,1,mcddr_mee,P_hier_seq,parmcddtcachenddr,,,,
32,parmcddtcachesddr,parmcddtcachesddr,mcddr_mee,NOT FOUND,NOT FOUND,NOT FOUND,3,1,mcddr_mee,F_parmcddtcachesddr_syn,parmcddtcachesddr,,syn,,
33,parmcddtopddr,parmcddtopddr,mcddr_mee,NOT FOUND,NOT FOUND,NOT FOUND,3,1,mcddr_mee,F_parmcddtopddr_syn,parmcddtopddr,,syn,,
34,parmcdfxbgfddr,parmcdfxbgfddr,mcddr_mee,NOT FOUND,NOT FOUND,NOT FOUND,3,1,mcddr_mee,F_parmcdfxbgfddr_syn,parmcdfxbgfddr,,syn,,
35,parmcdfxinfddr,parmcdfxinfddr,mcddr_mee,NOT FOUND,NOT FOUND,NOT FOUND,3,1,mcddr_mee,F_parmcdfxinfddr_syn,parmcdfxinfddr,,syn,,
36,parmchchanddr,parmchchanddr,mcddr_mee,NOT FOUND,NOT FOUND,NOT FOUND,3,1,mcddr_mee,F_parmchchanddr_syn,parmchchanddr,,syn,,
38,parmcsmeeddr0,parmcsmeeddr,mcddr_mee,NOT FOUND,NOT FOUND,NOT FOUND,3,2,mcddr_mee,F_parmcsmeeddr_syn,parmcsmeeddr,,syn,,
39,parmcvchanddr,parmcvchanddr,mcddr_mee,NOT FOUND,NOT FOUND,NOT FOUND,3,1,mcddr_mee,F_parmcvchanddr,parmcvchanddr,,syn empty?,,
60,,,scf_memddr,,,,3,1,scf_memddr,,,,,,
61,cms3_tall,cms3_tall,scf_memddr,NOT FOUND,NOT FOUND,NOT FOUND,3,1,scf_memddr,F_cms3_tall_syn,cms3_tall,,syn,,
62,parmmchas,parmmchas,scf_memddr,2019-01-14,14:50:03.257945000,/p/hdk/archive/sdg74/noa/parmmchas/apr_noa/ICXSPXCCB0_SC__VER_12/apr/outputs/parmmchas.apr_final.vg.gz,3,1,scf_memddr,F_parmmchas,parmmchas,,apr,,
63,parmmegr,parmmegr,scf_memddr,2019-01-08,10:57:16.476043000,/p/hdk/archive/sdg74/noa/parmmegr/apr_noa/ICXSPXCCB0_SC__VER_2/apr/outputs/parmmegr.apr_final.vg.gz,3,1,scf_memddr,F_parmmegr,parmmegr,,apr,,
64,parmmingr,parmmingr,scf_memddr,2018-11-11,10:39:15.701883000,/p/hdk/archive/sdg74/noa/parmmingr/apr_noa/ICXSPXCCB0_SC__VER_4/apr/outputs/parmmingr.apr_final.vg.gz,3,1,scf_memddr,F_parmmingr,parmmingr,,apr,,
97,,,sprmisc,,,,3,1,sprmisc,,,,,,
98,fivrddra,fivrddra,sprmisc,NOT FOUND,NOT FOUND,NOT FOUND,3,1,sprmisc,F_fivrddra,fivrddra,,syn,,
99,gpio_sprsp,gpio_sprsp,sprmisc,NOT FOUND,NOT FOUND,NOT FOUND,3,1,sprmisc,F_gpio_sprsp_syn,gpio_sprsp,,syn,,
100,ibl_ss,ibl_ss,sprmisc,NOT FOUND,NOT FOUND,NOT FOUND,3,1,sprmisc,P_hier_seq,ibl_ss,,,,
101,miscfill0,miscfill0,sprmisc,NOT FOUND,NOT FOUND,NOT FOUND,3,1,sprmisc,F_miscfill0,miscfill0,,no sch,,
102,miscfill1,miscfill1,sprmisc,NOT FOUND,NOT FOUND,NOT FOUND,3,1,sprmisc,F_miscfill1,miscfill1,,no sch,,
103,miscvinf0,miscvinf0,sprmisc,NOT FOUND,NOT FOUND,NOT FOUND,3,1,sprmisc,F_miscvinf0_syn,miscvinf0,,syn,,
104,miscvinf1,miscvinf1,sprmisc,NOT FOUND,NOT FOUND,NOT FOUND,3,1,sprmisc,F_miscvinf1_syn,miscvinf1,,syn,,
105,punit,punit,sprmisc,NOT FOUND,NOT FOUND,NOT FOUND,3,1,sprmisc,P_hier_seq,punit,,,,
106,sprcgu,sprcgu,sprmisc,NOT FOUND,NOT FOUND,NOT FOUND,3,1,sprmisc,F_sprcgu_syn,sprcgu,,syn,,
107,sprfuse,sprfuse,sprmisc,NOT FOUND,NOT FOUND,NOT FOUND,3,1,sprmisc,F_sprfuse_syn,sprfuse,,syn,,
108,sprglobal_misc,sprglobal_misc,sprmisc,NOT FOUND,NOT FOUND,NOT FOUND,3,1,sprmisc,F_sprglobal_misc_syn,sprglobal_misc,,syn,,
122,,,sprxccnorth01,,,,3,1,sprxccnorth01,,,,,,
123,dinochnvinf,dinochnvinf,sprxccnorth01,NOT FOUND,NOT FOUND,NOT FOUND,3,1,sprxccnorth01,F_dinochnvinf_syn,dinochnvinf,,syn,,
124,hca,hca,sprxccnorth01,NOT FOUND,NOT FOUND,NOT FOUND,3,1,sprxccnorth01,P_hier_seq,hca,,,,
125,hch0nfivr0,hch0nfivr0,sprxccnorth01,NOT FOUND,NOT FOUND,NOT FOUND,3,1,sprxccnorth01,F_hch0nfivr0_syn,hch0nfivr0,,syn,,
126,hch0nfivr1,hch0nfivr1,sprxccnorth01,NOT FOUND,NOT FOUND,NOT FOUND,3,1,sprxccnorth01,F_hch0nfivr1_syn,hch0nfivr1,,syn,,
127,hch0nvcfc,hch0nvcfc,sprxccnorth01,NOT FOUND,NOT FOUND,NOT FOUND,3,1,sprxccnorth01,F_hch0nvcfc_syn,hch0nvcfc,,syn,,
128,hch0nvinf,hch0nvinf,sprxccnorth01,NOT FOUND,NOT FOUND,NOT FOUND,3,1,sprxccnorth01,F_hch0nvinf_syn,hch0nvinf,,syn,,
129,hch1nfivr,hch1nfivr,sprxccnorth01,NOT FOUND,NOT FOUND,NOT FOUND,3,1,sprxccnorth01,F_hch1nfivr_syn,hch1nfivr,,syn,,
130,hch1nvcfc,hch1nvcfc,sprxccnorth01,NOT FOUND,NOT FOUND,NOT FOUND,3,1,sprxccnorth01,F_hch1nvcfc_syn,hch1nvcfc,,syn,,
131,hch1nvinf,hch1nvinf,sprxccnorth01,NOT FOUND,NOT FOUND,NOT FOUND,3,1,sprxccnorth01,F_hch1nvinf_syn,hch1nvinf,,syn,,
132,sprxccnorth01__hchvmeshrpt,hchvmeshrpt,sprxccnorth01,NOT FOUND,NOT FOUND,NOT FOUND,3,1,sprxccnorth01,F_hchvmeshrpt_syn,hchvmeshrpt,,syn,,
133,north01fill1,north01fill1,sprxccnorth01,NOT FOUND,NOT FOUND,NOT FOUND,3,1,sprxccnorth01,F_north01fill1,north01fill1,,no sch,,
134,north01fill2,north01fill2,sprxccnorth01,NOT FOUND,NOT FOUND,NOT FOUND,3,1,sprxccnorth01,F_north01fill2,north01fill2,,no sch,,
135,sprxccnorth01__scf_dummy,scf_dummy,sprxccnorth01,2016-12-02,13:42:29.054620000,/p/hdk/archive/sdg74/noa/scf_dummy/apr_noa/ICXSPXCCA0_PDX_VER_7/apr/outputs/scf_dummy.apr_final.vg.gz,3,1,sprxccnorth01,P_hier_seq,scf_dummy,,,,
136,sprxccnorth01__scf_iocoh,scf_iocoh,sprxccnorth01,NOT FOUND,NOT FOUND,NOT FOUND,3,1,sprxccnorth01,P_hier_seq,scf_iocoh,,,,
137,sprdino,sprdino,sprxccnorth01,NOT FOUND,NOT FOUND,NOT FOUND,3,1,sprxccnorth01,P_hier_seq,sprdino,,,,
138,sprxccnorth01__sprhmeshjog,sprhmeshjog,sprxccnorth01,NOT FOUND,NOT FOUND,NOT FOUND,3,1,sprxccnorth01,F_sprhmeshjog,sprhmeshjog,,no sch,,
139,sprubox,sprubox,sprxccnorth01,NOT FOUND,NOT FOUND,NOT FOUND,3,1,sprxccnorth01,P_hier_seq,sprubox,,,,
140,upi_1x,upi_1x,sprxccnorth01,NOT FOUND,NOT FOUND,NOT FOUND,3,1,sprxccnorth01,P_hier_seq,upi_1x,,,,
141,upinvinf,upinvinf,sprxccnorth01,NOT FOUND,NOT FOUND,NOT FOUND,3,1,sprxccnorth01,F_upinvinf_syn,upinvinf,,syn,,
207,,,sprxccnorth23,,,,3,1,sprxccnorth23,,,,,,
208,hch23nvcfc,hch23nvcfc,sprxccnorth23,NOT FOUND,NOT FOUND,NOT FOUND,3,1,sprxccnorth23,F_hch23nvcfc_syn,hch23nvcfc,,syn,,
209,hch2nfivr,hch2nfivr,sprxccnorth23,NOT FOUND,NOT FOUND,NOT FOUND,3,1,sprxccnorth23,F_hch2nfivr_syn,hch2nfivr,,syn,,
210,hch2nvcfc,hch2nvcfc,sprxccnorth23,NOT FOUND,NOT FOUND,NOT FOUND,3,1,sprxccnorth23,F_hch2nvcfc_syn,hch2nvcfc,,syn,,
211,hch2nvinf,hch2nvinf,sprxccnorth23,NOT FOUND,NOT FOUND,NOT FOUND,3,1,sprxccnorth23,F_hch2nvinf_syn,hch2nvinf,,syn,,
212,hch3nfivr,hch3nfivr,sprxccnorth23,NOT FOUND,NOT FOUND,NOT FOUND,3,1,sprxccnorth23,F_hch3nfivr_syn,hch3nfivr,,syn,,
213,hch3nvcfc,hch3nvcfc,sprxccnorth23,NOT FOUND,NOT FOUND,NOT FOUND,3,1,sprxccnorth23,F_hch3nvcfc_syn,hch3nvcfc,,syn,,
214,hch3nvinf,hch3nvinf,sprxccnorth23,NOT FOUND,NOT FOUND,NOT FOUND,3,1,sprxccnorth23,F_hch3nvinf_syn,hch3nvinf,,syn,,
215,hch4nvcfc,hch4nvcfc,sprxccnorth23,NOT FOUND,NOT FOUND,NOT FOUND,3,1,sprxccnorth23,F_hch4nvcfc,hch4nvcfc,,no sch,,
216,hch4nvinf,hch4nvinf,sprxccnorth23,NOT FOUND,NOT FOUND,NOT FOUND,3,1,sprxccnorth23,F_hch4nvinf_syn,hch4nvinf,,syn,,
217,sprxccnorth23__hchvmeshrpt,hchvmeshrpt,sprxccnorth23,NOT FOUND,NOT FOUND,NOT FOUND,3,1,sprxccnorth23,F_hchvmeshrpt_syn,hchvmeshrpt,,syn,,
218,mdf_c_h_0,mdf_c_h_0,sprxccnorth23,NOT FOUND,NOT FOUND,NOT FOUND,3,1,sprxccnorth23,F_mdf_c_h_0_syn,mdf_c_h_0,,,,
219,sprxccnorth23__mdf_s_h_0,mdf_s_h_0,sprxccnorth23,NOT FOUND,NOT FOUND,NOT FOUND,3,1,sprxccnorth23,P_hier_seq,mdf_s_h_0,,,,
220,sprxccnorth23__mdfhfivr,mdfhfivr,sprxccnorth23,NOT FOUND,NOT FOUND,NOT FOUND,3,1,sprxccnorth23,F_mdfhfivr_syn,mdfhfivr,,,,
221,north23fill0,north23fill0,sprxccnorth23,NOT FOUND,NOT FOUND,NOT FOUND,3,1,sprxccnorth23,F_north23fill0,north23fill0,,,,
222,north23fill1,north23fill1,sprxccnorth23,NOT FOUND,NOT FOUND,NOT FOUND,3,1,sprxccnorth23,F_north23fill1,north23fill1,,,,
223,north23fill2,north23fill2,sprxccnorth23,NOT FOUND,NOT FOUND,NOT FOUND,3,1,sprxccnorth23,F_north23fill2,north23fill2,,,,
224,north23fill3,north23fill3,sprxccnorth23,NOT FOUND,NOT FOUND,NOT FOUND,3,1,sprxccnorth23,F_north23fill3,north23fill3,,,,
225,pi5,pi5,sprxccnorth23,NOT FOUND,NOT FOUND,NOT FOUND,3,1,sprxccnorth23,P_hier_seq,pi5,,,,
226,sprxccnorth23__scf_dummy,scf_dummy,sprxccnorth23,2016-12-02,13:42:29.054620000,/p/hdk/archive/sdg74/noa/scf_dummy/apr_noa/ICXSPXCCA0_PDX_VER_7/apr/outputs/scf_dummy.apr_final.vg.gz,3,1,sprxccnorth23,P_hier_seq,scf_dummy,,,,
227,sprxccnorth23__scf_iocoh,scf_iocoh,sprxccnorth23,NOT FOUND,NOT FOUND,NOT FOUND,3,1,sprxccnorth23,P_hier_seq,scf_iocoh,,,,
228,sprxccnorth23__sprhmeshjog,sprhmeshjog,sprxccnorth23,NOT FOUND,NOT FOUND,NOT FOUND,3,1,sprxccnorth23,F_sprhmeshjog,sprhmeshjog,,,,
229,vchinf_mdf41,vchinf_mdf41,sprxccnorth23,NOT FOUND,NOT FOUND,NOT FOUND,3,1,sprxccnorth23,F_vchinf_mdf41_syn,vchinf_mdf41,,,,
271,,,sprxccsouth01,,,,3,1,sprxccsouth01,,,,,,
272,hch01svinf,hch01svinf,sprxccsouth01,NOT FOUND,NOT FOUND,NOT FOUND,3,1,sprxccsouth01,F_hch01svinf_syn,hch01svinf,,,,
273,sprxccsouth01__mdf_c_v_0,mdf_c_v_0,sprxccsouth01,NOT FOUND,NOT FOUND,NOT FOUND,3,1,sprxccsouth01,F_mdf_c_v_0,mdf_c_v_0,,,,
274,sprxccsouth01__mdf_s_v_0,mdf_s_v_0,sprxccsouth01,NOT FOUND,NOT FOUND,NOT FOUND,3,1,sprxccsouth01,P_hier_seq,mdf_s_v_0,,,,
275,sprxccsouth01__mdfvfivr,mdfvfivr,sprxccsouth01,NOT FOUND,NOT FOUND,NOT FOUND,3,1,sprxccsouth01,F_mdfvfivr_syn,mdfvfivr,,,,
281,,,sprxccsouth23,,,,3,1,sprxccsouth23,,,,,,
282,hch23svinf,hch23svinf,sprxccsouth23,NOT FOUND,NOT FOUND,NOT FOUND,3,1,sprxccsouth23,F_hch23svinf_syn,hch23svinf,,,,
283,sprxccsouth23__mdf_c_v_0,mdf_c_v_0,sprxccsouth23,NOT FOUND,NOT FOUND,NOT FOUND,3,1,sprxccsouth23,F_mdf_c_v_0,mdf_c_v_0,,,,
284,sprxccsouth23__mdf_s_v_0,mdf_s_v_0,sprxccsouth23,NOT FOUND,NOT FOUND,NOT FOUND,3,1,sprxccsouth23,P_hier_seq,mdf_s_v_0,,,,
285,sprxccsouth23__mdfvfivr,mdfvfivr,sprxccsouth23,NOT FOUND,NOT FOUND,NOT FOUND,3,1,sprxccsouth23,F_mdfvfivr_syn,mdfvfivr,,,,
286,south23fill0,south23fill0,sprxccsouth23,NOT FOUND,NOT FOUND,NOT FOUND,3,1,sprxccsouth23,F_south23fill0,south23fill0,,,,
19,,,sprmcddr,,,,2,1,sprmcddr,,,,,,
20,ddrchv,ddrchv,sprmcddr,NOT FOUND,NOT FOUND,NOT FOUND,2,1,sprmcddr,F_ddrchv,ddrchv,,,,
21,mcddr_mee,mcddr_mee,sprmcddr,NOT FOUND,NOT FOUND,NOT FOUND,2,1,sprmcddr,P_hier_seq,mcddr_mee,,,,
22,mcfivr,mcfivr,sprmcddr,NOT FOUND,NOT FOUND,NOT FOUND,2,1,sprmcddr,F_mcfivr_syn,mcfivr,,,,
23,scf_memddr,scf_memddr,sprmcddr,NOT FOUND,NOT FOUND,NOT FOUND,2,1,sprmcddr,P_hier_seq,scf_memddr,,,,
24,sprddr,sprddr,sprmcddr,NOT FOUND,NOT FOUND,NOT FOUND,2,1,sprmcddr,F_sprddr,sprddr,,,,
65,,,sprtile,,,,2,1,sprtile,,,,,,
66,corevinf,corevinf,sprtile,NOT FOUND,NOT FOUND,NOT FOUND,2,1,sprtile,F_corevinf_syn,corevinf,,,,
67,fivrcore,fivrcore,sprtile,NOT FOUND,NOT FOUND,NOT FOUND,2,1,sprtile,F_fivrcore_syn,fivrcore,,,,
68,llchspr,llchspr,sprtile,NOT FOUND,NOT FOUND,NOT FOUND,2,1,sprtile,P_hier_seq,llchspr,,,,
69,sprcore,sprcore,sprtile,NOT FOUND,NOT FOUND,NOT FOUND,2,1,sprtile,F_sprcore,sprcore,,,,
70,sprtilevcfc,sprtilevcfc,sprtile,NOT FOUND,NOT FOUND,NOT FOUND,2,1,sprtile,F_sprtilevcfc,sprtilevcfc,,,,
93,,,sprxccnorth,,,,2,1,sprxccnorth,,,,,,
94,sprmisc,sprmisc,sprxccnorth,NOT FOUND,NOT FOUND,NOT FOUND,2,1,sprxccnorth,P_hier_seq,sprmisc,,,,
95,sprxccnorth01,sprxccnorth01,sprxccnorth,NOT FOUND,NOT FOUND,NOT FOUND,2,1,sprxccnorth,P_hier_seq,sprxccnorth01,,,,
96,sprxccnorth23,sprxccnorth23,sprxccnorth,NOT FOUND,NOT FOUND,NOT FOUND,2,1,sprxccnorth,P_hier_seq,sprxccnorth23,,,,
268,,,sprxccsouth,,,,2,1,sprxccsouth,,,,,,
269,sprxccsouth01,sprxccsouth01,sprxccsouth,NOT FOUND,NOT FOUND,NOT FOUND,2,1,sprxccsouth,P_hier_seq,sprxccsouth01,,,,
270,sprxccsouth23,sprxccsouth23,sprxccsouth,NOT FOUND,NOT FOUND,NOT FOUND,2,1,sprxccsouth,P_hier_seq,sprxccsouth23,,,,
292,,,vch02,,,,2,1,vch02,,,,,,
293,vch02__coreckpar02,coreckpar02,vch02,NOT FOUND,NOT FOUND,NOT FOUND,2,1,vch02,F_coreckpar02,coreckpar02,,,,
294,vch02__vchinf_corepair,vchinf_corepair,vch02,NOT FOUND,NOT FOUND,NOT FOUND,2,1,vch02,F_vchinf_corepair_syn,vchinf_corepair,,,,
295,,,vch03,,,,2,1,vch03,,,,,,
296,vch03__coreckpar03,coreckpar03,vch03,NOT FOUND,NOT FOUND,NOT FOUND,2,1,vch03,F_coreckpar03,coreckpar03,,,,
297,mctilecfc0,mctilecfc0,vch03,NOT FOUND,NOT FOUND,NOT FOUND,2,1,vch03,F_mctilecfc0,mctilecfc0,,,,
298,vchinf_mc,vchinf_mc,vch03,NOT FOUND,NOT FOUND,NOT FOUND,2,1,vch03,F_vchinf_mc_syn,vchinf_mc,,,,
299,,,vch04,,,,2,1,vch04,,,,,,
300,vch04__coreckpar04,coreckpar04,vch04,NOT FOUND,NOT FOUND,NOT FOUND,2,1,vch04,F_coreckpar04,coreckpar04,,,,
301,vch04__vchinf_corepair,vchinf_corepair,vch04,NOT FOUND,NOT FOUND,NOT FOUND,2,1,vch04,F_vchinf_corepair_syn,vchinf_corepair,,,,
302,,,vch05,,,,2,1,vch05,,,,,,
303,vch05__coreckpar05,coreckpar05,vch05,NOT FOUND,NOT FOUND,NOT FOUND,2,1,vch05,F_coreckpar05,coreckpar05,,,,
304,vch05__vchinf_corepair,vchinf_corepair,vch05,NOT FOUND,NOT FOUND,NOT FOUND,2,1,vch05,F_vchinf_corepair_syn,vchinf_corepair,,,,
305,,,vch22,,,,2,1,vch22,,,,,,
306,vch22__coreckpar02,coreckpar02,vch22,NOT FOUND,NOT FOUND,NOT FOUND,2,1,vch22,F_coreckpar02,coreckpar02,,,,
307,vch22__vchinf_center,vchinf_center,vch22,NOT FOUND,NOT FOUND,NOT FOUND,2,1,vch22,F_vchinf_center_syn,vchinf_center,,,,
308,,,vch23,,,,2,1,vch23,,,,,,
309,vch23__coreckpar03,coreckpar03,vch23,NOT FOUND,NOT FOUND,NOT FOUND,2,1,vch23,F_coreckpar03,coreckpar03,,,,
310,vch23__vchinf_center,vchinf_center,vch23,NOT FOUND,NOT FOUND,NOT FOUND,2,1,vch23,F_vchinf_center_syn,vchinf_center,,,,
311,,,vch24,,,,2,1,vch24,,,,,,
312,vch24__coreckpar04,coreckpar04,vch24,NOT FOUND,NOT FOUND,NOT FOUND,2,1,vch24,F_coreckpar04,coreckpar04,,,,
313,vch24__vchinf_center,vchinf_center,vch24,NOT FOUND,NOT FOUND,NOT FOUND,2,1,vch24,F_vchinf_center_syn,vchinf_center,,,,
314,,,vch25,,,,2,1,vch25,,,,,,
315,vch25__coreckpar05,coreckpar05,vch25,NOT FOUND,NOT FOUND,NOT FOUND,2,1,vch25,F_coreckpar05,coreckpar05,,,,
316,vch25__vchinf_center,vchinf_center,vch25,NOT FOUND,NOT FOUND,NOT FOUND,2,1,vch25,F_vchinf_center_syn,vchinf_center,,,,
317,,,vch42,,,,2,1,vch42,,,,,,
318,vch42__mdf_s_h_0,mdf_s_h_0,vch42,NOT FOUND,NOT FOUND,NOT FOUND,2,1,vch42,P_hier_seq,mdf_s_h_0,,,,
319,mdfckpar42,mdfckpar42,vch42,NOT FOUND,NOT FOUND,NOT FOUND,2,1,vch42,F_mdfckpar42,mdfckpar42,,,,
320,vchcfc_mdf42,vchcfc_mdf42,vch42,NOT FOUND,NOT FOUND,NOT FOUND,2,1,vch42,F_vchcfc_mdf42_syn,vchcfc_mdf42,,,,
321,vchinf_mdf42,vchinf_mdf42,vch42,NOT FOUND,NOT FOUND,NOT FOUND,2,1,vch42,F_vchinf_mdf42_syn,vchinf_mdf42,,,,
327,,,vch43,,,,2,1,vch43,,,,,,
328,vch43__mdf_s_h_0,mdf_s_h_0,vch43,NOT FOUND,NOT FOUND,NOT FOUND,2,1,vch43,P_hier_seq,mdf_s_h_0,,,,
329,mdfckpar43,mdfckpar43,vch43,NOT FOUND,NOT FOUND,NOT FOUND,2,1,vch43,F_mdfckpar43,mdfckpar43,,,,
330,vch43__mdfhfivr,mdfhfivr,vch43,NOT FOUND,NOT FOUND,NOT FOUND,2,1,vch43,F_mdfhfivr_syn,mdfhfivr,,,,
331,vchcfc_mdf43,vchcfc_mdf43,vch43,NOT FOUND,NOT FOUND,NOT FOUND,2,1,vch43,F_vchcfc_mdf43_syn,vchcfc_mdf43,,,,
332,vchinf_mdf43,vchinf_mdf43,vch43,NOT FOUND,NOT FOUND,NOT FOUND,2,1,vch43,F_vchinf_mdf43_syn,vchinf_mdf43,,,,
338,,,vch44,,,,2,1,vch44,,,,,,
339,vch44__mdf_s_h_0,mdf_s_h_0,vch44,NOT FOUND,NOT FOUND,NOT FOUND,2,1,vch44,P_hier_seq,mdf_s_h_0,,,,
340,mdfckpar44,mdfckpar44,vch44,NOT FOUND,NOT FOUND,NOT FOUND,2,1,vch44,F_mdfckpar44,mdfckpar44,,,,
341,vchcfc_mdf44,vchcfc_mdf44,vch44,NOT FOUND,NOT FOUND,NOT FOUND,2,1,vch44,F_vchcfc_mdf44_syn,vchcfc_mdf44,,,,
342,vchinf_mdf44,vchinf_mdf44,vch44,NOT FOUND,NOT FOUND,NOT FOUND,2,1,vch44,F_vchinf_mdf44_syn,vchinf_mdf44,,,,
348,,,vch45,,,,2,1,vch45,,,,,,
0,vch45__mdf_s_h_0,mdf_s_h_0,vch45,NOT FOUND,NOT FOUND,NOT FOUND,2,1,vch45,P_hier_seq,mdf_s_h_0,,,,
1,mdfckpar45,mdfckpar45,vch45,NOT FOUND,NOT FOUND,NOT FOUND,2,1,vch45,F_mdfckpar45,mdfckpar45,,,,
2,vch45__mdfhfivr,mdfhfivr,vch45,NOT FOUND,NOT FOUND,NOT FOUND,2,1,vch45,F_mdfhfivr_syn,mdfhfivr,,,,
3,vch,vch,vch45,NOT FOUND,NOT FOUND,NOT FOUND,2,1,vch45,F_vch,vch,,,,
4,vch45fill0,vch45fill0,vch45,NOT FOUND,NOT FOUND,NOT FOUND,2,1,vch45,F_vch45fill0,vch45fill0,,,,
5,vchcfc_mdf45,vchcfc_mdf45,vch45,NOT FOUND,NOT FOUND,NOT FOUND,2,1,vch45,F_vchcfc_mdf45_syn,vchcfc_mdf45,,,,
6,vchinf_mdf45,vchinf_mdf45,vch45,NOT FOUND,NOT FOUND,NOT FOUND,2,1,vch45,F_vchinf_mdf45_syn,vchinf_mdf45,,,,
1,,,sprspxcc,,,,,1,sprspxcc,,,,,,
0,meshswizzle,meshswizzle,sprspxcc,NOT FOUND,NOT FOUND,NOT FOUND,1,1,sprspxcc,F_meshswizzle,meshswizzle,,,,
1,meshturn,meshturn,sprspxcc,NOT FOUND,NOT FOUND,NOT FOUND,1,1,sprspxcc,F_meshturn,meshturn,,,,
2,sprmcddr,sprmcddr,sprspxcc,NOT FOUND,NOT FOUND,NOT FOUND,1,1,sprspxcc,P_hier_seq,sprmcddr,,,,
3,sprtile,sprtile,sprspxcc,NOT FOUND,NOT FOUND,NOT FOUND,1,1,sprspxcc,P_hier_seq,sprtile,,,,
4,sprxccfill0,sprxccfill0,sprspxcc,NOT FOUND,NOT FOUND,NOT FOUND,1,1,sprspxcc,F_sprxccfill0,sprxccfill0,,,,
5,sprxccnorth,sprxccnorth,sprspxcc,NOT FOUND,NOT FOUND,NOT FOUND,1,1,sprspxcc,P_hier_seq,sprxccnorth,,,,
6,sprxccsouth,sprxccsouth,sprspxcc,NOT FOUND,NOT FOUND,NOT FOUND,1,1,sprspxcc,P_hier_seq,sprxccsouth,,,,
7,vch02,vch02,sprspxcc,NOT FOUND,NOT FOUND,NOT FOUND,1,1,sprspxcc,P_hier_seq,vch02,,,,
8,vch03,vch03,sprspxcc,NOT FOUND,NOT FOUND,NOT FOUND,1,1,sprspxcc,P_hier_seq,vch03,,,,
9,vch04,vch04,sprspxcc,NOT FOUND,NOT FOUND,NOT FOUND,1,1,sprspxcc,P_hier_seq,vch04,,,,
10,vch05,vch05,sprspxcc,NOT FOUND,NOT FOUND,NOT FOUND,1,1,sprspxcc,P_hier_seq,vch05,,,,
11,vch22,vch22,sprspxcc,NOT FOUND,NOT FOUND,NOT FOUND,1,1,sprspxcc,P_hier_seq,vch22,,,,
12,vch23,vch23,sprspxcc,NOT FOUND,NOT FOUND,NOT FOUND,1,1,sprspxcc,P_hier_seq,vch23,,,,
13,vch24,vch24,sprspxcc,NOT FOUND,NOT FOUND,NOT FOUND,1,1,sprspxcc,P_hier_seq,vch24,,,,
14,vch25,vch25,sprspxcc,NOT FOUND,NOT FOUND,NOT FOUND,1,1,sprspxcc,P_hier_seq,vch25,,,,
15,vch42,vch42,sprspxcc,NOT FOUND,NOT FOUND,NOT FOUND,1,1,sprspxcc,P_hier_seq,vch42,,,,
16,vch43,vch43,sprspxcc,NOT FOUND,NOT FOUND,NOT FOUND,1,1,sprspxcc,P_hier_seq,vch43,,,,
17,vch44,vch44,sprspxcc,NOT FOUND,NOT FOUND,NOT FOUND,1,1,sprspxcc,P_hier_seq,vch44,,,,
18,vch45,vch45,sprspxcc,NOT FOUND,NOT FOUND,NOT FOUND,1,1,sprspxcc,P_hier_seq,vch45,,,,
,,,,,,,,1,,,,,,,
1,,,,,,,,1,spr_hier,,,,,,
18,,,,NOT FOUND,NOT FOUND,NOT FOUND,1,1,spr_hier,P_hier_seq,sprspxcc,,,,
,,,,,,,,,,,,,,,